Workbook

Sheet Nevek
A1: Nevek (1–83) | C1: Használat
C2: 1. Illeszd be a névlistát a sárga sávba: A2:A84 (83 sor, egy név egy sorban).
C3: 2. Menj a „Címkék” lapra — a nevek automatikusan megjelennek a rácsban, balról jobbra, fentről le.
C4: 3. Nyomtatás (Ctrl+P): A4, álló, méretezés 100% / „Tényleges méret”. SEMMILYEN „laphoz igazítás” ne legyen bekapcsolva, mert az elrontja a mm-pontos méretet.
C5: 4. Vágás: a szaggatott szürke keretek között 2 mm rés van — a rés közepén vágj.
C6: 5. ELLENŐRZÉS az első lap kinyomtatása után: mérd meg vonalzóval egy keret szélességét — 58 mm-nek kell lennie. Ha nem az, a nyomtatási méretezés nem 100%.
C8: Példa a várt formátumra (ilyen alakban illeszd be):
C9: Kovácsné dr. Szabó Annamária
C11: Címkeméret: 58 × 18 mm · rés: 2 mm · 3 oszlop × 13 sor laponként.
C12: A rácsban 84 hely van (83 névhez + 1 tartalék), 3 A4-es lapon.
C14: Megjegyzés a méretpontosságról: ez a fájl EXCELRE van kalibrálva (oszlopszélesség 30.6 / 0.37 karakter-egység). A két program másképp számítja a karakter-egységet, ezért a másikban a címke kb. 59,9 mm-re jön ki — ahhoz a generate.py --target libreoffice változat kell.
C16: Kitöltött nevek: | D16: =COUNTA(A2:A84)

Sheet Címkék
A1: =IF(Nevek!$A$2="","",Nevek!$A$2) | C1: =IF(Nevek!$A$3="","",Nevek!$A$3) | E1: =IF(Nevek!$A$4="","",Nevek!$A$4)
A3: =IF(Nevek!$A$5="","",Nevek!$A$5) | C3: =IF(Nevek!$A$6="","",Nevek!$A$6) | E3: =IF(Nevek!$A$7="","",Nevek!$A$7)
A5: =IF(Nevek!$A$8="","",Nevek!$A$8) | C5: =IF(Nevek!$A$9="","",Nevek!$A$9) | E5: =IF(Nevek!$A$10="","",Nevek!$A$10)
A7: =IF(Nevek!$A$11="","",Nevek!$A$11) | C7: =IF(Nevek!$A$12="","",Nevek!$A$12) | E7: =IF(Nevek!$A$13="","",Nevek!$A$13)
A9: =IF(Nevek!$A$14="","",Nevek!$A$14) | C9: =IF(Nevek!$A$15="","",Nevek!$A$15) | E9: =IF(Nevek!$A$16="","",Nevek!$A$16)
A11: =IF(Nevek!$A$17="","",Nevek!$A$17) | C11: =IF(Nevek!$A$18="","",Nevek!$A$18) | E11: =IF(Nevek!$A$19="","",Nevek!$A$19)
A13: =IF(Nevek!$A$20="","",Nevek!$A$20) | C13: =IF(Nevek!$A$21="","",Nevek!$A$21) | E13: =IF(Nevek!$A$22="","",Nevek!$A$22)
A15: =IF(Nevek!$A$23="","",Nevek!$A$23) | C15: =IF(Nevek!$A$24="","",Nevek!$A$24) | E15: =IF(Nevek!$A$25="","",Nevek!$A$25)
A17: =IF(Nevek!$A$26="","",Nevek!$A$26) | C17: =IF(Nevek!$A$27="","",Nevek!$A$27) | E17: =IF(Nevek!$A$28="","",Nevek!$A$28)
A19: =IF(Nevek!$A$29="","",Nevek!$A$29) | C19: =IF(Nevek!$A$30="","",Nevek!$A$30) | E19: =IF(Nevek!$A$31="","",Nevek!$A$31)
A21: =IF(Nevek!$A$32="","",Nevek!$A$32) | C21: =IF(Nevek!$A$33="","",Nevek!$A$33) | E21: =IF(Nevek!$A$34="","",Nevek!$A$34)
A23: =IF(Nevek!$A$35="","",Nevek!$A$35) | C23: =IF(Nevek!$A$36="","",Nevek!$A$36) | E23: =IF(Nevek!$A$37="","",Nevek!$A$37)
A25: =IF(Nevek!$A$38="","",Nevek!$A$38) | C25: =IF(Nevek!$A$39="","",Nevek!$A$39) | E25: =IF(Nevek!$A$40="","",Nevek!$A$40)
A27: =IF(Nevek!$A$41="","",Nevek!$A$41) | C27: =IF(Nevek!$A$42="","",Nevek!$A$42) | E27: =IF(Nevek!$A$43="","",Nevek!$A$43)
A29: =IF(Nevek!$A$44="","",Nevek!$A$44) | C29: =IF(Nevek!$A$45="","",Nevek!$A$45) | E29: =IF(Nevek!$A$46="","",Nevek!$A$46)
A31: =IF(Nevek!$A$47="","",Nevek!$A$47) | C31: =IF(Nevek!$A$48="","",Nevek!$A$48) | E31: =IF(Nevek!$A$49="","",Nevek!$A$49)
A33: =IF(Nevek!$A$50="","",Nevek!$A$50) | C33: =IF(Nevek!$A$51="","",Nevek!$A$51) | E33: =IF(Nevek!$A$52="","",Nevek!$A$52)
A35: =IF(Nevek!$A$53="","",Nevek!$A$53) | C35: =IF(Nevek!$A$54="","",Nevek!$A$54) | E35: =IF(Nevek!$A$55="","",Nevek!$A$55)
A37: =IF(Nevek!$A$56="","",Nevek!$A$56) | C37: =IF(Nevek!$A$57="","",Nevek!$A$57) | E37: =IF(Nevek!$A$58="","",Nevek!$A$58)
A39: =IF(Nevek!$A$59="","",Nevek!$A$59) | C39: =IF(Nevek!$A$60="","",Nevek!$A$60) | E39: =IF(Nevek!$A$61="","",Nevek!$A$61)
A41: =IF(Nevek!$A$62="","",Nevek!$A$62) | C41: =IF(Nevek!$A$63="","",Nevek!$A$63) | E41: =IF(Nevek!$A$64="","",Nevek!$A$64)
A43: =IF(Nevek!$A$65="","",Nevek!$A$65) | C43: =IF(Nevek!$A$66="","",Nevek!$A$66) | E43: =IF(Nevek!$A$67="","",Nevek!$A$67)
A45: =IF(Nevek!$A$68="","",Nevek!$A$68) | C45: =IF(Nevek!$A$69="","",Nevek!$A$69) | E45: =IF(Nevek!$A$70="","",Nevek!$A$70)
A47: =IF(Nevek!$A$71="","",Nevek!$A$71) | C47: =IF(Nevek!$A$72="","",Nevek!$A$72) | E47: =IF(Nevek!$A$73="","",Nevek!$A$73)
A49: =IF(Nevek!$A$74="","",Nevek!$A$74) | C49: =IF(Nevek!$A$75="","",Nevek!$A$75) | E49: =IF(Nevek!$A$76="","",Nevek!$A$76)
A51: =IF(Nevek!$A$77="","",Nevek!$A$77) | C51: =IF(Nevek!$A$78="","",Nevek!$A$78) | E51: =IF(Nevek!$A$79="","",Nevek!$A$79)
A53: =IF(Nevek!$A$80="","",Nevek!$A$80) | C53: =IF(Nevek!$A$81="","",Nevek!$A$81) | E53: =IF(Nevek!$A$82="","",Nevek!$A$82)
A55: =IF(Nevek!$A$83="","",Nevek!$A$83) | C55: =IF(Nevek!$A$84="","",Nevek!$A$84)
